{"cameraMode":{"drawMode":0,"name":"Shaded","section":"Shading Mode"},"sceneLighting":false,"audioPlay":false,"sceneViewState":{"m_AlwaysRefresh":false,"showFog":true,"showSkybox":false,"showFlares":true,"showImageEffects":true,"showParticleSystems":true,"showVisualEffectGraphs":true,"m_FxEnabled":true},"in2DMode":false,"pivot":{"x":-3.2516791820526125,"y":0.17100000381469727,"z":-10.98758316040039},"rotation":{"x":-0.26906850934028628,"y":-0.6996610760688782,"z":0.32715901732444765,"w":-0.5753547549247742},"size":0.038134727627038959,"orthographic":false}