{"cameraMode":{"drawMode":0,"name":"Shaded","section":"Shading Mode"},"sceneLighting":false,"audioPlay":false,"sceneViewState":{"m_AlwaysRefresh":false,"showFog":true,"showSkybox":false,"showFlares":true,"showImageEffects":true,"showParticleSystems":true,"showVisualEffectGraphs":true,"m_FxEnabled":true},"in2DMode":false,"pivot":{"x":-3.3341104984283449,"y":0.17950387299060822,"z":-10.980997085571289},"rotation":{"x":-0.26906850934028628,"y":-0.6996610760688782,"z":0.32715901732444765,"w":-0.5753547549247742},"size":0.02497182972729206,"orthographic":false}