{"cameraMode":{"drawMode":0,"name":"Shaded","section":"Shading Mode"},"sceneLighting":false,"audioPlay":false,"sceneViewState":{"m_AlwaysRefresh":false,"showFog":true,"showSkybox":false,"showFlares":true,"showImageEffects":true,"showParticleSystems":true,"showVisualEffectGraphs":true,"m_FxEnabled":true},"in2DMode":false,"pivot":{"x":-2.0188629627227785,"y":0.5383844971656799,"z":-10.713740348815918},"rotation":{"x":0.00043385554454289377,"y":-0.9903574585914612,"z":0.138462632894516,"w":0.003248077817261219},"size":0.26541900634765627,"orthographic":false}