{"cameraMode":{"drawMode":0,"name":"Shaded","section":"Shading Mode"},"sceneLighting":false,"audioPlay":false,"sceneViewState":{"m_AlwaysRefresh":false,"showFog":true,"showSkybox":false,"showFlares":true,"showImageEffects":true,"showParticleSystems":true,"showVisualEffectGraphs":true,"m_FxEnabled":true},"in2DMode":false,"pivot":{"x":-2.3116164207458498,"y":0.08965461701154709,"z":-11.600272178649903},"rotation":{"x":-0.0005921571282669902,"y":-0.9892428517341614,"z":0.003865189617499709,"w":-0.1461952179670334},"size":0.043928150087594989,"orthographic":false}