{"cameraMode":{"drawMode":0,"name":"Shaded","section":"Shading Mode"},"sceneLighting":false,"audioPlay":false,"sceneViewState":{"m_AlwaysRefresh":false,"showFog":true,"showSkybox":false,"showFlares":true,"showImageEffects":true,"showParticleSystems":true,"showVisualEffectGraphs":true,"m_FxEnabled":true},"in2DMode":false,"pivot":{"x":-2.4475791454315187,"y":0.34407326579093935,"z":-11.0694580078125},"rotation":{"x":0.00043385554454289377,"y":-0.9903574585914612,"z":0.138462632894516,"w":0.003248077817261219},"size":0.764835000038147,"orthographic":false}